{
  "32": "Character20",
  "33": "Character21",
  "34": "Character22",
  "35": "Character23",
  "36": "Character24",
  "37": "Character25",
  "38": "Character26",
  "39": "Character27",
  "40": "Character28",
  "41": "Character29",
  "42": "Character2A",
  "43": "Character2B",
  "44": "Character2C",
  "45": "Character2D",
  "46": "Character2E",
  "47": "Character2F",
  "48": "Character30",
  "49": "Character31",
  "50": "Character32",
  "51": "Character33",
  "52": "Character34",
  "53": "Character35",
  "54": "Character36",
  "55": "Character37",
  "56": "Character38",
  "57": "Character39",
  "58": "Character3A",
  "59": "Character3B",
  "60": "Character3C",
  "61": "Character3D",
  "62": "Character3E",
  "63": "Character3F",
  "64": "Character40",
  "65": "Character41",
  "66": "Character42",
  "67": "Character43",
  "68": "Character44",
  "69": "Character45",
  "70": "Character46",
  "71": "Character47",
  "72": "Character48",
  "73": "Character49",
  "74": "Character4A",
  "75": "Character4B",
  "76": "Character4C",
  "77": "Character4D",
  "78": "Character4E",
  "79": "Character4F",
  "80": "Character50",
  "81": "Character51",
  "82": "Character52",
  "83": "Character53",
  "84": "Character54",
  "85": "Character55",
  "86": "Character56",
  "87": "Character57",
  "88": "Character58",
  "89": "Character59",
  "90": "Character5A",
  "91": "Character5B",
  "92": "Character5C",
  "93": "Character5D",
  "94": "Character5E",
  "95": "Character5F",
  "96": "Character60",
  "97": "Character61",
  "98": "Character62",
  "99": "Character63",
  "100": "Character64",
  "101": "Character65",
  "102": "Character66",
  "103": "Character67",
  "104": "Character68",
  "105": "Character69",
  "106": "Character6A",
  "107": "Character6B",
  "108": "Character6C",
  "109": "Character6D",
  "110": "Character6E",
  "111": "Character6F",
  "112": "Character70",
  "113": "Character71",
  "114": "Character72",
  "115": "Character73",
  "116": "Character74",
  "117": "Character75",
  "118": "Character76",
  "119": "Character77",
  "120": "Character78",
  "121": "Character79",
  "122": "Character7A",
  "123": "Character7B",
  "124": "Character7C",
  "125": "Character7D",
  "126": "Character7E",
  "127": "Character7F"
}