{
    "32": "Font46_20",
    "33": "Font46_21",
    "34": "Font46_22",
    "35": "Font46_23",
    "36": "Font46_24",
    "37": "Font46_25",
    "38": "Font46_26",
    "39": "Font46_27",
    "40": "Font46_28",
    "41": "Font46_29",
    "42": "Font46_2A",
    "43": "Font46_2B",
    "44": "Font46_2C",
    "45": "Font46_2D",
    "46": "Font46_2E",
    "47": "Font46_2F",
    "48": "Font46_30",
    "49": "Font46_31",
    "50": "Font46_32",
    "51": "Font46_33",
    "52": "Font46_34",
    "53": "Font46_35",
    "54": "Font46_36",
    "55": "Font46_37",
    "56": "Font46_38",
    "57": "Font46_39",
    "58": "Font46_3A",
    "59": "Font46_3B",
    "60": "Font46_3C",
    "61": "Font46_3D",
    "62": "Font46_3E",
    "63": "Font46_3F",
    "64": "Font46_40",
    "65": "Font46_41",
    "66": "Font46_42",
    "67": "Font46_43",
    "68": "Font46_44",
    "69": "Font46_45",
    "70": "Font46_46",
    "71": "Font46_47",
    "72": "Font46_48",
    "73": "Font46_49",
    "74": "Font46_4A",
    "75": "Font46_4B",
    "76": "Font46_4C",
    "77": "Font46_4D",
    "78": "Font46_4E",
    "79": "Font46_4F",
    "80": "Font46_50",
    "81": "Font46_51",
    "82": "Font46_52",
    "83": "Font46_53",
    "84": "Font46_54",
    "85": "Font46_55",
    "86": "Font46_56",
    "87": "Font46_57",
    "88": "Font46_58",
    "89": "Font46_59",
    "90": "Font46_5A",
    "91": "Font46_5B",
    "92": "Font46_5C",
    "93": "Font46_5D",
    "94": "Font46_5E",
    "95": "Font46_5F",
    "96": "Font46_60",
    "97": "Font46_61",
    "98": "Font46_62",
    "99": "Font46_63",
    "100": "Font46_64",
    "101": "Font46_65",
    "102": "Font46_66",
    "103": "Font46_67",
    "104": "Font46_68",
    "105": "Font46_69",
    "106": "Font46_6A",
    "107": "Font46_6B",
    "108": "Font46_6C",
    "109": "Font46_6D",
    "110": "Font46_6E",
    "111": "Font46_6F",
    "112": "Font46_70",
    "113": "Font46_71",
    "114": "Font46_72",
    "115": "Font46_73",
    "116": "Font46_74",
    "117": "Font46_75",
    "118": "Font46_76",
    "119": "Font46_77",
    "120": "Font46_78",
    "121": "Font46_79",
    "122": "Font46_7A",
    "123": "Font46_7B",
    "124": "Font46_7C",
    "125": "Font46_7D",
    "126": "Font46_7E",
    "127": "Font46_7F"
  }