[
    {
        "type": "Image",
        "sprite": "Background",
        "color": "DarkGray",
        "x": 0,
        "y": 0
    },
    {
        "type": "Image",
        "image-id":"Icon0",
        "sprite": "IconChocolate",
        "color": "White",
        "x": 0,
        "y": 0,
        "visible":false
    },
    {
        "type": "Image",
        "image-id":"Icon0",
        "sprite": "IconChocolate",
        "color": "White",
        "x": 0,
        "y": 0,
        "visible":false
    },
    {
        "type": "Image",
        "image-id":"Icon1",
        "sprite": "IconChocolate",
        "color": "White",
        "x": 0,
        "y": 0,
        "visible":false
    },
    {
        "type": "Image",
        "image-id":"Icon2",
        "sprite": "IconChocolate",
        "color": "White",
        "x": 0,
        "y": 0,
        "visible":false
    },
    {
        "type": "Image",
        "image-id":"Icon3",
        "sprite": "IconChocolate",
        "color": "White",
        "x": 0,
        "y": 0,
        "visible":false
    },
    {
        "type": "Image",
        "image-id":"Icon4",
        "sprite": "IconChocolate",
        "color": "White",
        "x": 0,
        "y": 0,
        "visible":false
    },
    {
        "type": "Image",
        "image-id":"Icon5",
        "sprite": "IconChocolate",
        "color": "White",
        "x": 0,
        "y": 0,
        "visible":false
    },
    {
        "type": "Image",
        "image-id":"Icon6",
        "sprite": "IconChocolate",
        "color": "White",
        "x": 0,
        "y": 0,
        "visible":false
    },
    {
        "type": "Image",
        "image-id":"Icon7",
        "sprite": "IconChocolate",
        "color": "White",
        "x": 0,
        "y": 0,
        "visible":false
    },
    {
        "type": "Image",
        "image-id":"Icon8",
        "sprite": "IconChocolate",
        "color": "White",
        "x": 0,
        "y": 0,
        "visible":false
    },
    {
        "type": "Image",
        "image-id":"Icon9",
        "sprite": "IconChocolate",
        "color": "White",
        "x": 0,
        "y": 0,
        "visible":false
    },
    {
        "type": "Image",
        "image-id":"Icon10",
        "sprite": "IconChocolate",
        "color": "White",
        "x": 0,
        "y": 0,
        "visible":false
    },
    {
        "type": "Image",
        "image-id":"Icon11",
        "sprite": "IconChocolate",
        "color": "White",
        "x": 0,
        "y": 0,
        "visible":false
    },
    {
        "type": "Image",
        "image-id":"Icon12",
        "sprite": "IconChocolate",
        "color": "White",
        "x": 0,
        "y": 0,
        "visible":false
    },
    {
        "type": "Image",
        "image-id":"Icon13",
        "sprite": "IconChocolate",
        "color": "White",
        "x": 0,
        "y": 0,
        "visible":false
    },
    {
        "type": "Image",
        "image-id":"Icon14",
        "sprite": "IconChocolate",
        "color": "White",
        "x": 0,
        "y": 0,
        "visible":false
    },
    {
        "type": "Image",
        "image-id":"Icon15",
        "sprite": "IconChocolate",
        "color": "White",
        "x": 0,
        "y": 0,
        "visible":false
    },
    {
        "type": "Image",
        "image-id":"Icon16",
        "sprite": "IconChocolate",
        "color": "White",
        "x": 0,
        "y": 0,
        "visible":false
    },
    {
        "type": "Image",
        "image-id":"Icon17",
        "sprite": "IconChocolate",
        "color": "White",
        "x": 0,
        "y": 0,
        "visible":false
    },
    {
        "type": "Image",
        "image-id":"Icon18",
        "sprite": "IconChocolate",
        "color": "White",
        "x": 0,
        "y": 0,
        "visible":false
    },
    {
        "type": "Image",
        "image-id":"Icon19",
        "sprite": "IconChocolate",
        "color": "White",
        "x": 0,
        "y": 0,
        "visible":false
    },
    {
        "type":"Area",
        "area-id":"Paddle",
        "x":0,
        "y":0,
        "width":640,
        "height":360
    },
    {
        "type": "Text",
        "text-id": "Score",
        "font": "default",
        "color": "Gray",
        "text": "0",
        "x": 640,
        "y": 0,
        "horizontal-alignment": -1,
        "drop-shadow": true,
        "drop-shadow-color": "Black",
        "drop-shadow-x": 2,
        "drop-shadow-y": 2
    },
    {
        "type": "Image",
        "image-id":"Paddle",
        "sprite": "Paddle64",
        "color": "White",
        "x": 0,
        "y": 344
    },
    {
        "type": "Layout",
        "name": "Sublayout.Modded"
    }
]