{
    "splash": "assets/images/splash.png",
    "font": "assets/images/fonts/font.png",
    "font35": "assets/images/fonts/Font3x5.png",
    "font46": "assets/images/fonts/Font4x6.png",
    "font57": "assets/images/fonts/Font5x7.png",
    "background": "assets/images/background.png",
    "cards": "assets/images/cards.png",
    "card-back": "assets/images/card-back.png",
    "ui-hamburger": "assets/images/ui-hamburger.png",
    "ui-close": "assets/images/ui-close.png",
    "paddle": "assets/images/paddle.png",
    "icons": "assets/images/icons.png"
}